id;email;nom
1;marie.dupont@assurplus.fr;Marie Dupont
2;jean.martin@assurplus.fr;Jean Martin
3;sophie.bernard@assurplus.fr;Sophie Bernard
4;lucas.petit@assurplus.fr;Lucas Petit
5;emma.robert@assurplus.fr;Emma Robert
6;thomas.richard@assurplus.fr;Thomas Richard
7;lea.durand@assurplus.fr;Léa Durand
8;hugo.moreau@assurplus.fr;Hugo Moreau
